{"cameraMode":{"drawMode":0,"name":"Shaded","section":"Shading Mode"},"sceneLighting":false,"audioPlay":false,"sceneViewState":{"m_AlwaysRefresh":false,"showFog":true,"showSkybox":true,"showFlares":true,"showImageEffects":true,"showParticleSystems":true,"showVisualEffectGraphs":true,"m_FxEnabled":true},"in2DMode":false,"pivot":{"x":-1.009603500366211,"y":3.5351295471191408,"z":20.592668533325197},"rotation":{"x":0.25119924545288088,"y":0.30128008127212527,"z":-0.08260852098464966,"w":0.9161629676818848},"size":12.12435531616211,"orthographic":false}